{
  "alpha": -0.8346016163473603,
  "beta": 2.903691391628199,
  "gamma": 1.1458223274831432,
  "delta": 1.0
}